Citire angajat,Fri May 07 15:03:53 EEST 2021
Scriere angajat,Fri May 07 15:03:53 EEST 2021
Scriere Angajat,Fri May 07 15:03:53 EEST 2021
Citire Angajat,Fri May 07 15:03:53 EEST 2021
Citire operatie,Fri May 07 15:03:53 EEST 2021
Scriere operatie,Fri May 07 15:03:53 EEST 2021
Citire masina,Fri May 07 15:03:53 EEST 2021
Citire angajat,Fri May 07 15:05:00 EEST 2021
Scriere angajat,Fri May 07 15:05:00 EEST 2021
Scriere Angajat,Fri May 07 15:05:00 EEST 2021
Citire Angajat,Fri May 07 15:05:00 EEST 2021
Citire operatie,Fri May 07 15:05:00 EEST 2021
Scriere operatie,Fri May 07 15:05:00 EEST 2021
Citire masina,Fri May 07 15:05:00 EEST 2021
